word	types	reference
neunzehnter		[]
vortrag		[]
predigt		[]
bey		[]
der		[]
einweihung		[]
einer		[]
orgel		[]
zugleich		[]
auch		[]
antrittspredigt		[]
in		[]
einer		[]
filial		[]
über		[]
text		[]
psalm	 bibel	['Ps_66-1.2.3']
lxvi	 bibel	['Ps_66-1.2.3']
versi	 bibel	['Ps_66-1.2.3']
1	 bibel	['Ps_66-1.2.3']
3	 bibel	['Ps_66-1.2.3']
vakat		[]
gott		[]
schöpfer		[]
und		[]
vater		[]
der		[]
menschen		[]
du		[]
hast		[]
den		[]
heutigen		[]
tag		[]
dieser		[]
gemeine		[]
zu		[]
einem		[]
tag		[]
der		[]
freude		[]
gemacht		[]
dieser		[]
tag		[]
war		[]
es		[]
dem		[]
sie		[]
so		[]
lang		[]
mit		[]
sehnsucht		[]
entgegen		[]
sahe		[]
du		[]
hast		[]
ihre		[]
wünsche		[]
befriediget		[]
die		[]
gebet		[]
erhöhret		[]
und		[]
dir		[]
gemeinschaftliche		[]
anbetung		[]
an		[]
dieser		[]
stätte		[]
erhöhet		[]
durch		[]
das		[]
musikalische		[]
jnstrument		[]
das		[]
heute		[]
unsre		[]
lobgesänge		[]
begleitet		[]
o		[]
erfülle		[]
doch		[]
alle		[]
ihre		[]
herzen		[]
mit		[]
dank		[]
und		[]
erkenntlichkeit		[]
für		[]
diese		[]
neue		[]
probe		[]
deiner		[]
väterlichen		[]
vorsorge		[]
und		[]
heilige		[]
ihre		[]
freuden		[]
daß		[]
sie		[]
dieselben		[]
mit		[]
unschuldigem		[]
herzen		[]
und		[]
unverletztem		[]
gewissen		[]
genießen		[]
mögen		[]
laß		[]
sie		[]
und		[]
alle		[]
die		[]
daran		[]
theil		[]
nehmen		[]
laß		[]
uns		[]
alle		[]
immer		[]
mehr		[]
überzeugt		[]
werden		[]
daß		[]
du		[]
jedes		[]
gute		[]
werk		[]
das		[]
im		[]
vertrauen		[]
auf		[]
dich		[]
angefangen		[]
wird		[]
auch		[]
zu		[]
einer		[]
guten		[]
ausführung		[]
kommen		[]
lässest		[]
und		[]
diese		[]
ueberzeugung		[]
mehre		[]
täglich		[]
unsern		[]
eifer		[]
in		[]
der		[]
gottseligkeit		[]
unsre		[]
treue		[]
in		[]
unsern		[]
pflichten		[]
und		[]
mache		[]
uns		[]
voll		[]
vertrauen		[]
und		[]
kindlicher		[]
liebe		[]
zu		[]
dir		[]
daß		[]
unser		[]
oft		[]
gefaßter		[]
endschluß		[]
endlich		[]
einmal		[]
auch		[]
fest		[]
und		[]
unbeweglich		[]
werde		[]
wir	 musikwerk	['E100125']
wollen	 musikwerk	['E100125']
unser	 musikwerk	['E100125']
lebelang	 musikwerk	['E100125']
dich	 musikwerk	['E100125']
gott	 musikwerk	['E100125']
von	 musikwerk	['E100125']
nun	 musikwerk	['E100125']
an	 musikwerk	['E100125']
ehren	 musikwerk	['E100125']
ja		[]
ihr	 musikwerk	['E100125']
die	 musikwerk	['E100125']
ihr	 musikwerk	['E100125']
christi	 musikwerk	['E100125']
namen	 musikwerk	['E100125']
nennt	 musikwerk	['E100125']
gebt	 musikwerk	['E100125']
unserm	 musikwerk	['E100125']
gott	 musikwerk	['E100125']
die	 musikwerk	['E100125']
ehre	 musikwerk	['E100125']
jhr	 musikwerk	['E100125']
die	 musikwerk	['E100125']
ihr	 musikwerk	['E100125']
gottes	 musikwerk	['E100125']
macht	 musikwerk	['E100125']
bekennt	 musikwerk	['E100125']
gebt	 musikwerk	['E100125']
heute	 musikwerk	['E100125']
gott	 musikwerk	['E100125']
die	 musikwerk	['E100125']
ehre	 musikwerk	['E100125']
der	 musikwerk	['E100125']
sünde	 musikwerk	['E100125']
götzen	 musikwerk	['E100125']
macht	 musikwerk	['E100125']
zu	 musikwerk	['E100125']
spott	 musikwerk	['E100125']
der	 musikwerk	['E100125']
herr	 musikwerk	['E100125']
ist	 musikwerk	['E100125']
gott	 musikwerk	['E100125']
der	 musikwerk	['E100125']
herr	 musikwerk	['E100125']
ist	 musikwerk	['E100125']
gott	 musikwerk	['E100125']
gebt	 musikwerk	['E100125']
eurem	 musikwerk	['E100125']
gott	 musikwerk	['E100125']
die	 musikwerk	['E100125']
ehre	 musikwerk	['E100125']
amen		[]
es		[]
ist		[]
wahrhaftig		[]
ungemien		[]
rührend		[]
für		[]
mein		[]
herz		[]
und		[]
läßt		[]
mich		[]
für		[]
die		[]
zukunft		[]
wirklich		[]
gutes		[]
ahnden		[]
daß		[]
ich		[]
euer		[]
nunmehriger		[]
lehrer		[]
und		[]
freund		[]
nach		[]
zusammentreffung		[]
so		[]
mancher		[]
unvorhergesehener		[]
umstände		[]
mein		[]
amt		[]
unter		[]
euch		[]
an		[]
lauter		[]
dankund		[]
lobund		[]
freudenfesten		[]
antreten		[]
kann		[]
vor		[]
wenig		[]
tagen		[]
wo		[]
ich		[]
meine		[]
neuen		[]
gemeinden		[]
zu		[]
lehren		[]
anfing		[]
erinnerten		[]
wir		[]
uns		[]
der		[]
großen		[]
segnung		[]
gottes		[]
da		[]
er		[]
abermals		[]
für		[]
unser		[]
brod		[]
und		[]
unsere		[]
bedürfnisse		[]
gesorgt		[]
und		[]
ich		[]
hatte		[]
an		[]
jenem		[]
tage		[]
die		[]
erfreuliche		[]
pflicht		[]
zu		[]
erfüllen		[]
meine		[]
zuhörer		[]
zur		[]
dankbarkeit		[]
gegen		[]
ihren		[]
gott		[]
aufzufodern		[]
und		[]
heute		[]
heute		[]
bringt		[]
mich		[]
ebenfalls		[]
eine		[]
erfreuliche		[]
und		[]
wirklich		[]
feyerliche		[]
veranlassung		[]
zum		[]
erstenmale		[]
zu		[]
euch		[]
denn		[]
ich		[]
trete		[]
heute		[]
auf		[]
diese		[]
mir		[]
ungewohnte		[]
stelle		[]
in		[]
der		[]
absicht		[]
gott		[]
für		[]
eine		[]
ganz		[]
besondere		[]
wohlthat		[]
zu		[]
preisen		[]
und		[]
eure		[]
herzen		[]
zur		[]
freude		[]
über		[]
die		[]
vollendung		[]
unsrer		[]
orgel		[]
zu		[]
erwecken		[]
o		[]
möchte		[]
ich		[]
doch		[]
so		[]
oft		[]
ich		[]
künftig		[]
von		[]
dieser		[]
stätte		[]
zu		[]
euch		[]
reden		[]
werde		[]
möchte		[]
ich		[]
doch		[]
niemals		[]
mehr		[]
nöthig		[]
haben		[]
eure		[]
herzen		[]
für		[]
meinen		[]
vortrag		[]
zu		[]
öffnen		[]
als		[]
heute		[]
da		[]
eure		[]
so		[]
zahlreiche		[]
versammlung		[]
euer		[]
aller		[]
heiteres		[]
angesicht		[]
eure		[]
verdoppelte		[]
aufmerksamkeit		[]
mit		[]
der		[]
ihr		[]
ein		[]
wort		[]
der		[]
erweckung		[]
zum		[]
lobe		[]
gottes		[]
aus		[]
meinem		[]
munde		[]
erwartet		[]
mir		[]
deutlich		[]
genug		[]
sagt		[]
wie		[]
erwünscht		[]
euch		[]
die		[]
ankunft		[]
des		[]
heutigen		[]
tages		[]
und		[]
wie		[]
süß		[]
euch		[]
die		[]
pflicht		[]
sey		[]
gott		[]
gemeinschaftlich		[]
für		[]
die		[]
uns		[]
erwiesene		[]
ausgezeichnete		[]
wohlthat		[]
zu		[]
loben		[]
ja		[]
gern		[]
meine		[]
freunde		[]
stimme		[]
auch		[]
ich		[]
in		[]
euer		[]
heutiges		[]
lob		[]
gottes		[]
mit		[]
ein		[]
und		[]
voll		[]
von		[]
den		[]
angenehmsten		[]
empfindungen		[]
rufe		[]
ich		[]
euch		[]
zu		[]
dieß	 bibel	['Ps_118-24']
ist	 bibel	['Ps_118-24']
ein	 bibel	['Ps_118-24']
tag	 bibel	['Ps_118-24']
den	 bibel	['Ps_118-24']
uns	 bibel	['Ps_118-24']
der	 bibel	['Ps_118-24']
herr	 bibel	['Ps_118-24']
gemacht	 bibel	['Ps_118-24']
hat	 bibel	['Ps_118-24']
lasset	 bibel	['Ps_118-24']
uns	 bibel	['Ps_118-24']
freuen	 bibel	['Ps_118-24']
und	 bibel	['Ps_118-24']
fröhlich	 bibel	['Ps_118-24']
darinne	 bibel	['Ps_118-24']
seyn	 bibel	['Ps_118-24']
ja		[]
jedes		[]
herz		[]
jauchze		[]
heute		[]
dem		[]
herrn		[]
jeder		[]
mund		[]
preise		[]
ihn		[]
er		[]
selbst		[]
aber		[]
helfe		[]
daß		[]
es		[]
von		[]
uns		[]
allen		[]
würdig		[]
geschehe		[]
und		[]
zu		[]
diesem		[]
ende		[]
wollen		[]
wir		[]
uns		[]
jetzt		[]
nochmals		[]
vor		[]
dem		[]
throne		[]
des		[]
höchsten		[]
demüthigen		[]
wir		[]
wollen		[]
knien		[]
und		[]
niederfallen		[]
und		[]
anbten		[]
vor		[]
dem		[]
der		[]
uns		[]
erfreuet		[]
und		[]
gesegnet		[]
hat		[]
vorher		[]
aber		[]
noch		[]
zum		[]
preise		[]
des		[]
allgütigen		[]
mit		[]
einander		[]
anstimmen		[]
und		[]
singen		[]
so	 musikwerk	['E100125']
kommet	 musikwerk	['E100125']
vor	 musikwerk	['E100125']
sein	 musikwerk	['E100125']
angesicht	 musikwerk	['E100125']
etc		[]
unser		[]
text		[]
meine		[]
freunde		[]
enthält		[]
den		[]
anfang		[]
des		[]
rührenden		[]
lobes		[]
welches		[]
david		[]
damals		[]
gesprochen		[]
hat		[]
als		[]
sein		[]
geist		[]
sich		[]
in		[]
die		[]
betrachtung		[]
der		[]
großen		[]
und		[]
wunderbaren		[]
werke		[]
der		[]
schöpfung		[]
vertiefte		[]
und		[]
welches		[]
zugleich		[]
der		[]
ausdruck		[]
derjenigen		[]
freude		[]
ist		[]
die		[]
er		[]
so		[]
tief		[]
und		[]
stärker		[]
als		[]
über		[]
alle		[]
andere		[]
erfreuliche		[]
begebenheiten		[]
empfand		[]
jch		[]
wünschte		[]
bey		[]
der		[]
heutigen		[]
feyerlichkeit		[]
an		[]
dem		[]
einweihungstage		[]
unsrer		[]
orgel		[]
daß		[]
ihr		[]
alle		[]
eben		[]
so		[]
tief		[]
empfindend		[]
wie		[]
david		[]
sprechen		[]
möchtet		[]
wie	 bibel	['Ps_66-3']
wunderlich	 bibel	['Ps_66-3']
sind	 bibel	['Ps_66-3']
deine	 bibel	['Ps_66-3']
werke	 bibel	['Ps_66-3']
jch		[]
wünschte		[]
heute		[]
ähnliche		[]
eindrücke		[]
auf		[]
euer		[]
herz		[]
machen		[]
zu		[]
können		[]
zwar		[]
lese		[]
ich		[]
freude		[]
genug		[]
in		[]
euren		[]
gesichtern		[]
aber		[]
ich		[]
wünschte		[]
dabey		[]
daß		[]
diese		[]
freude		[]
eine		[]
recht		[]
gründliche		[]
reine		[]
gottgefällige		[]
und		[]
andauernde		[]
freude		[]
seyn		[]
möchte		[]
soll		[]
sie		[]
aber		[]
das		[]
seyn		[]
so		[]
muß		[]
sie		[]
theils		[]
aus		[]
einer		[]
richtigen		[]
erkenntniß		[]
derjenigen		[]
wohlthat		[]
entspringen		[]
welche		[]
eure		[]
freude		[]
verursacht		[]
theils		[]
muß		[]
sie		[]
auch		[]
euch		[]
zur		[]
erfüllung		[]
derjenigen		[]
pflichten		[]
anfeuren		[]
welche		[]
diese		[]
wohlthat		[]
gottes		[]
fodert		[]
jch		[]
will		[]
euch		[]
demnach		[]
jetzt		[]
zeigen		[]
einmal		[]
worinnen		[]
eigentlich		[]
die		[]
wohlthat		[]
besteht		[]
mit		[]
der		[]
euch		[]
gott		[]
heute		[]
erfreuet		[]
hat		[]
und		[]
zweytens		[]
will		[]
ich		[]
euch		[]
auch		[]
an		[]
diejenigen		[]
pflichten		[]
erinnern		[]
zu		[]
denen		[]
euch		[]
diese		[]
wohlthat		[]
verbindet		[]
gott		[]
meine		[]
geliebten		[]
freunde		[]
der		[]
die		[]
herzen		[]
der		[]
menschen		[]
und		[]
ihre		[]
rathschläge		[]
in		[]
seiner		[]
hand		[]
hat		[]
und		[]
alle		[]
unternehmungen		[]
die		[]
zu		[]
seiner		[]
ehre		[]
abzwecken		[]
begünstiget		[]
dieser		[]
gott		[]
hat		[]
euren		[]
vor		[]
einigen		[]
jahren		[]
gefaßten		[]
entschluß		[]
dies		[]
gotteshauß		[]
und		[]
die		[]
hier		[]
zu		[]
haltenden		[]
gottesdienste		[]
durch		[]
eine		[]
orgel		[]
noch		[]
zu		[]
vervollkommnen		[]
dergestalt		[]
gesegnet		[]
daß		[]
wir		[]
heute		[]
mit		[]
einander		[]
dieses		[]
vollendeten		[]
guten		[]
werks		[]
uns		[]
erfreuen		[]
können		[]
das		[]
was		[]
eure		[]
vorfahren		[]
und		[]
viele		[]
tausend		[]
eurer		[]
mitbrüder		[]
gewünscht		[]
nemlich		[]
durch		[]
begleitung		[]
eines		[]
vollständigen		[]
musicalischen		[]
jnstruments		[]
bey		[]
ihren		[]
gottesdienstlichen		[]
gesängen		[]
sich		[]
mehr		[]
zu		[]
erbauen		[]
aber		[]
nicht		[]
erlangt		[]
haben		[]
das		[]
hat		[]
euch		[]
nun		[]
gott		[]
verschafft		[]
ja		[]
jetzt		[]
ist		[]
es		[]
durch		[]
die		[]
gnade		[]
gottes		[]
durch		[]
die		[]
milde		[]
des		[]
herrn		[]
nomen		[]
nominandum		[]
als		[]
gnädigen		[]
kirchenpatron		[]
durch		[]
den		[]
fleiß		[]
und		[]
die		[]
mühe		[]
eurer		[]
vorsteher		[]
und		[]
durch		[]
den		[]
sauren		[]
aufwand		[]
der		[]
gemeine		[]
dahin		[]
gediehen		[]
daß		[]
den		[]
mängeln		[]
bey		[]
eurem		[]
gemeinschaftlichen		[]
gesange		[]
durch		[]
eine		[]
gute		[]
orgel		[]
abgeholfen		[]
ist		[]
das		[]
ist		[]
die		[]
wohlthat		[]
die		[]
euch		[]
gott		[]
erzeigt		[]
hat		[]
und		[]
darüber		[]
ihr		[]
euch		[]
heute		[]
so		[]
innig		[]
erfreuet		[]
was		[]
enthält		[]
nun		[]
aber		[]
wohl		[]
eigentlich		[]
die		[]
wohlthat		[]
großes		[]
wodurch		[]
wird		[]
sie		[]
euch		[]
wichtig		[]
was		[]
bestimmt		[]
eure		[]
freude		[]
das		[]
sind		[]
die		[]
fragen		[]
worüber		[]
ich		[]
gern		[]
vor		[]
allen		[]
dingen		[]
mich		[]
mit		[]
euch		[]
besprechen		[]
möchte		[]
jst		[]
etwa		[]
deswegen		[]
diese		[]
wohlthat		[]
euch		[]
erfreulich		[]
weil		[]
ihr		[]
in		[]
dem		[]
wahn		[]
stehet		[]
daß		[]
gottes		[]
wort		[]
und		[]
die		[]
sacramente		[]
beten		[]
und		[]
singen		[]
in		[]
einem		[]
gotteshause		[]
das		[]
mit		[]
einer		[]
orgel		[]
gezieret		[]
ist		[]
mehr		[]
kraft		[]
hätte		[]
oder		[]
daß		[]
gott		[]
in		[]
einem		[]
solchen		[]
hause		[]
lieber		[]
wohne		[]
als		[]
in		[]
einem		[]
andern		[]
o		[]
wenn		[]
dieser		[]
gedanke		[]
je		[]
hier		[]
heute		[]
in		[]
eure		[]
herzen		[]
kam		[]
so		[]
komme		[]
meine		[]
seele		[]
nicht		[]
in		[]
euren		[]
rath		[]
so		[]
nehme		[]
ich		[]
keinen		[]
theil		[]
an		[]
eurer		[]
freude		[]
die		[]
welche		[]
vorher		[]
und		[]
so		[]
lange		[]
dies		[]
gotteshaus		[]
noch		[]
mit		[]
keinem		[]
solchen		[]
musicalischen		[]
jnstrument		[]
versehen		[]
war		[]
dasselbe		[]
besucht		[]
haben		[]
haben		[]
gewiß		[]
hier		[]
eben		[]
die		[]
kraft		[]
für		[]
ihre		[]
seelen		[]
geholt		[]
und		[]
sind		[]
gewiß		[]
bey		[]
ihrem		[]
gottesdienste		[]
wenn		[]
sie		[]
es		[]
anders		[]
redlich		[]
dabey		[]
gemeint		[]
haben		[]
gott		[]
eben		[]
so		[]
angenehm		[]
gewesen		[]
als		[]
ihr		[]
doch		[]
das		[]
glaube		[]
ich		[]
werdet		[]
ihr		[]
ja		[]
schon		[]
wissen		[]
liebe		[]
freunde		[]
daß		[]
in		[]
den		[]
mauren		[]
die		[]
uns		[]
umgeben		[]
in		[]
dem		[]
namen		[]
den		[]
sie		[]
führen		[]
oder		[]
in		[]
den		[]
verzierungen		[]
die		[]
darinnen		[]
angebracht		[]
sind		[]
keine		[]
kraft		[]
noch		[]
heiligkeit		[]
steckt		[]
jn		[]
dem		[]
kleinsten		[]
dürftigsten		[]
bethause		[]
wohnet		[]
der		[]
herr		[]
mit		[]
seinem		[]
segen		[]
eben		[]
so		[]
gut		[]
als		[]
in		[]
dem		[]
größten		[]
prachtvollsten		[]
tempel		[]
aller		[]
nutzen		[]
den		[]
ihr		[]
von		[]
eurer		[]
äußeren		[]
gottesverehrung		[]
von		[]
dem		[]
kirchenund		[]
abendmahlgehen		[]
von		[]
eurem		[]
beten		[]
und		[]
singen		[]
habt		[]
beruhet		[]
lediglich		[]
nur		[]
immer		[]
auf		[]
der		[]
fassung		[]
des		[]
gemüths		[]
mit		[]
welcher		[]
ihr		[]
diese		[]
äußerlichen		[]
uebungen		[]
verrichtet		[]
und		[]
diese		[]
fassung		[]
des		[]
gemüths		[]
ist		[]
überall		[]
möglich		[]
ueberall		[]
könnet		[]
ihr		[]
eure		[]
gedanken		[]
zu		[]
gott		[]
erheben		[]
überall		[]
könnet		[]
ihr		[]
euch		[]
eurer		[]
pflichten		[]
und		[]
eurer		[]
hoffnungen		[]
ernsthaft		[]
erinnern		[]
und		[]
daraus		[]
nutzen		[]
und		[]
segen		[]
für		[]
eure		[]
seelen		[]
ziehen		[]
-		[]
also		[]
wäre		[]
unsre		[]
freude		[]
an		[]
dem		[]
heutigen		[]
einweihungstage		[]
unsrer		[]
orgel		[]
ganz		[]
ungegründet		[]
oder		[]
überflüssig		[]
so		[]
möchte		[]
vielleicht		[]
mancher		[]
unter		[]
euch		[]
denken		[]
oder		[]
sagen		[]
aber		[]
nein		[]
lieben		[]
freunde		[]
ich		[]
will		[]
euer		[]
vergnügen		[]
durch		[]
verwerfung		[]
falscher		[]
und		[]
unanständiger		[]
bewegungsgründe		[]
nicht		[]
selbst		[]
verwerflich		[]
machen		[]
jhr		[]
habt		[]
allerdings		[]
ursache		[]
gott		[]
heute		[]
zu		[]
danken		[]
und		[]
euch		[]
mit		[]
einander		[]
zu		[]
freuen		[]
schon		[]
das		[]
besondre		[]
der		[]
wohlthat		[]
deren		[]
ihr		[]
euch		[]
heute		[]
erinnert		[]
verdient		[]
eure		[]
freude		[]
gewiß		[]
der		[]
tag		[]
den		[]
wir		[]
heute		[]
feyern		[]
zeichnet		[]
sich		[]
durch		[]
seine		[]
seltenheit		[]
vor		[]
allen		[]
andern		[]
lobund		[]
dankfesten		[]
aus		[]
da		[]
wir		[]
alle		[]
noch		[]
keinen		[]
ähnlichen		[]
erlebt		[]
haben		[]
und		[]
die		[]
wohlthat		[]
für		[]
welche		[]
wir		[]
heute		[]
den		[]
allgütigen		[]
preisen		[]
ist		[]
ja		[]
wahrhaftig		[]
so		[]
daß		[]
sie		[]
auch		[]
dem		[]
kinde		[]
in		[]
die		[]
augen		[]
fällt		[]
und		[]
groß		[]
genug		[]
eure		[]
freude		[]
zu		[]
erwecken		[]
denn		[]
das		[]
dünkt		[]
mich		[]
bedarf		[]
doch		[]
wohl		[]
gar		[]
keines		[]
weitern		[]
beweises		[]
daß		[]
der		[]
gesang		[]
beym		[]
gottesdienst		[]
ungemein		[]
nützlich		[]
und		[]
auf		[]
wahre		[]
erbauung		[]
von		[]
dem		[]
erheblichsten		[]
einflusse		[]
ist		[]
ja		[]
der		[]
werth		[]
der		[]
gottesdienstlichen		[]
lieder		[]
ist		[]
bereits		[]
längst		[]
so		[]
allgemein		[]
entschieden		[]
daß		[]
es		[]
gar		[]
nicht		[]
nöthig		[]
ist		[]
viel		[]
davon		[]
zu		[]
sagen		[]
warlich		[]
nichts		[]
ist		[]
geschickter		[]
und		[]
bequemer		[]
den		[]
werth		[]
der		[]
religion		[]
jesu		[]
und		[]
ihrer		[]
lehren		[]
recht		[]
stark		[]
im		[]
herzen		[]
zu		[]
empfinden		[]
als		[]
eben		[]
der		[]
gemeinschaftliche		[]
gesang		[]
im		[]
hause		[]
des		[]
herrn		[]
der		[]
wichtige		[]
jnhalt		[]
der		[]
gottesdienstlichen		[]
lieder		[]
die		[]
stärke		[]
des		[]
ausdrucks		[]
die		[]
bald		[]
starken		[]
bald		[]
sanften		[]
empfindungen		[]
die		[]
darinnen		[]
herrschen		[]
die		[]
einzelnen		[]
hohen		[]
und		[]
tiefen		[]
töne		[]
so		[]
vieler		[]
singenden		[]
lippen		[]
das		[]
nach		[]
denen		[]
in		[]
worten		[]
ausgedrückten		[]
empfindungen		[]
bald		[]
langsame		[]
bald		[]
schnelle		[]
rauschen		[]
dieser		[]
vereinten		[]
töne		[]
die		[]
von		[]
allen		[]
zugleich		[]
hörbaren		[]
und		[]
in		[]
einem		[]
gleichen		[]
zeitmaas		[]
ausgesprochenen		[]
worte		[]
alle		[]
diese		[]
sinnlichen		[]
hülfsmittel		[]
werden		[]
von		[]
wirkungen		[]
begleitet		[]
die		[]
man		[]
außerdem		[]
wahrhaftig		[]
nie		[]
erwarten		[]
darf		[]
-		[]
und		[]
wie		[]
sehr		[]
wird		[]
nicht		[]
die		[]
gemeinschaftliche		[]
erbauung		[]
durch		[]
die		[]
feyerlichen		[]
umstände		[]
die		[]
mit		[]
der		[]
anstimmung		[]
der		[]
gottesdienstlichen		[]
lieder		[]
vereinigt		[]
sind		[]
auch		[]
noch		[]
vermehrt		[]
sie		[]
erschallen		[]
an		[]
einem		[]
orte		[]
der		[]
der		[]
öffentlichen		[]
anbetung		[]
des		[]
unendlichen		[]
gewidmet		[]
ist		[]
an		[]
einem		[]
orte		[]
wo		[]
uns		[]
alles		[]
an		[]
seine		[]
größe		[]
und		[]
an		[]
unsre		[]
niedrigkeit		[]
erinnert		[]
wo		[]
uns		[]
die		[]
meisten		[]
gegenstände		[]
zur		[]
gefühlvollsten		[]
andacht		[]
ermuntern		[]
an		[]
einem		[]
orte		[]
wo		[]
uns		[]
unsre		[]
beschäfftigung		[]
durch		[]
den		[]
reiz		[]
so		[]
vieler		[]
lieblichen		[]
harmonischen		[]
töne		[]
doppelt		[]
angenehm		[]
wird		[]
wo		[]
kein		[]
lärmendes		[]
geräusch		[]
unsre		[]
beschäfftigung		[]
unterbricht		[]
wo		[]
unsre		[]
beschäfftigung		[]
durch		[]
alles		[]
was		[]
wir		[]
sehen		[]
und		[]
hören		[]
durch		[]
aufmerksamkeit		[]
ordnung		[]
und		[]
ruhige		[]
stille		[]
dem		[]
herzen		[]
und		[]
dem		[]
verstande		[]
gleich		[]
wichtig		[]
wird		[]
jst		[]
nun		[]
zugleich		[]
auch		[]
dafür		[]
gesorgt		[]
daß		[]
der		[]
gottesdienstliche		[]
gesang		[]
durch		[]
ein		[]
der		[]
versammlung		[]
angemessenes		[]
jnstrument		[]
begleitet		[]
wird		[]
so		[]
wird		[]
der		[]
eindruck		[]
des		[]
gesangs		[]
auf		[]
die		[]
versammleten		[]
gemüther		[]
eben		[]
dadurch		[]
noch		[]
mehr		[]
gestärkt		[]
denn		[]
wer		[]
weiß		[]
es		[]
nicht		[]
daß		[]
wenn		[]
der		[]
gesang		[]
von		[]
einer		[]
orgel		[]
begleitet		[]
wird		[]
alsdann		[]
der		[]
mißklang		[]
oder		[]
andre		[]
unangenehmen		[]
störungen		[]
beym		[]
gesang		[]
nicht		[]
so		[]
leicht		[]
vorfallen		[]
können		[]
nicht		[]
zu		[]
gedenken		[]
daß		[]
musicalische		[]
freuden		[]
ganz		[]
mit		[]
unsrer		[]
natur		[]
übereinstimmen		[]
und		[]
wahre		[]
ergötzung		[]
für		[]
leib		[]
und		[]
seele		[]
sind		[]
o		[]
freuet		[]
euch		[]
also		[]
unter		[]
einander		[]
meine		[]
freunde		[]
daß		[]
ihr		[]
nun		[]
und		[]
künftig		[]
diese		[]
ergötzung		[]
auch		[]
an		[]
dieser		[]
heiligen		[]
stätte		[]
genießen		[]
können		[]
freuet		[]
euch		[]
und		[]
so		[]
oft		[]
die		[]
stimmen		[]
dieses		[]
orgelwerks		[]
mit		[]
majestätischer		[]
kraft		[]
wie		[]
die		[]
donner		[]
gottes		[]
vor		[]
euren		[]
ohren		[]
rauschen		[]
so		[]
oft		[]
sprecht		[]
dann		[]
zu		[]
gott		[]
herr		[]
wie	 bibel	['Ps_66-3']
wunderlich	 bibel	['Ps_66-3']
sind	 bibel	['Ps_66-3']
deine	 bibel	['Ps_66-3']
werke	 bibel	['Ps_66-3']
jhr		[]
habt		[]
ferner		[]
gegründete		[]
ursach		[]
zur		[]
freude		[]
weil		[]
diese		[]
erbauete		[]
orgel		[]
nun		[]
euer		[]
eigenthum		[]
und		[]
ein		[]
vorzug		[]
ist		[]
den		[]
ihr		[]
euch		[]
und		[]
diesem		[]
gotteshause		[]
verschafft		[]
habt		[]
das		[]
ist		[]
natürliche		[]
und		[]
allen		[]
menschen		[]
angeborne		[]
empfindung		[]
dies		[]
ist		[]
unser		[]
aller		[]
bestreben		[]
von		[]
jugend		[]
auf		[]
dafür		[]
arbeitet		[]
der		[]
jüngling		[]
und		[]
der		[]
mann		[]
alles		[]
menschlichen		[]
strebens		[]
ziel		[]
ist		[]
sich		[]
eigenthum		[]
und		[]
vorzug		[]
zu		[]
erwerben		[]
so		[]
wenig		[]
ihr		[]
zwar		[]
euch		[]
dieses		[]
gotteshauses		[]
ohne		[]
orgel		[]
bisher		[]
zu		[]
schämen		[]
hattet		[]
so		[]
vernünftig		[]
ist		[]
doch		[]
eure		[]
freude		[]
darüber		[]
daß		[]
ihr		[]
nun		[]
diese		[]
kirche		[]
mit		[]
einem		[]
solchen		[]
werke		[]
geziert		[]
sehet		[]
über		[]
welches		[]
noch		[]
unsre		[]
spätesten		[]
nachkommen		[]
sich		[]
vor		[]
gottes		[]
angesicht		[]
freuen		[]
und		[]
woran		[]
noch		[]
eure		[]
kindes		[]
kinder		[]
sich		[]
ergötzen		[]
werden		[]
und		[]
wer		[]
könnte		[]
euch		[]
wohl		[]
an		[]
dem		[]
heutigen		[]
tage		[]
eure		[]
freude		[]
verdenken		[]
wenn		[]
ihr		[]
den		[]
glücklichen		[]
erfolg		[]
eurer		[]
bemühungen		[]
erwägt		[]
und		[]
die		[]
ehre		[]
welche		[]
der		[]
gemeine		[]
dadurch		[]
zuwächst		[]
niemand		[]
darf		[]
gleichgültig		[]
seyn		[]
gegen		[]
den		[]
ruhm		[]
daß		[]
er		[]
einen		[]
theil		[]
seines		[]
vermögens		[]
für		[]
den		[]
bau		[]
dieses		[]
werkes		[]
verwendet		[]
hat		[]
wir		[]
zeigen		[]
allemal		[]
dadurch		[]
daß		[]
die		[]
religion		[]
in		[]
unsern		[]
augen		[]
einen		[]
werth		[]
wenn		[]
wir		[]
für		[]
die		[]
so		[]
heilsamen		[]
äußerlichen		[]
uebungen		[]
derselben		[]
besorgt		[]
sind		[]
es		[]
ist		[]
immer		[]
merkmal		[]
der		[]
achtung		[]
und		[]
ehrfurcht		[]
vor		[]
gott		[]
aber		[]
zugleich		[]
ist		[]
es		[]
auch		[]
ehre		[]
für		[]
uns		[]
wenn		[]
wir		[]
für		[]
die		[]
ehre		[]
gottes		[]
wirksam		[]
sind		[]
noch		[]
nach		[]
jahrhunderten		[]
wird		[]
man		[]
eure		[]
namen		[]
mit		[]
ehrerbietung		[]
nennen		[]
und		[]
euch		[]
als		[]
beförderer		[]
der		[]
ehre		[]
gottes		[]
selig		[]
preisen		[]
und		[]
wenn		[]
ihr		[]
es		[]
euch		[]
um		[]
die		[]
vollendung		[]
dieses		[]
orgelbaues		[]
vielleicht		[]
sauer		[]
werden		[]
ließet		[]
wenn		[]
auch		[]
mancher		[]
von		[]
euch		[]
sich		[]
wehe		[]
thun		[]
mußte		[]
um		[]
durch		[]
seinen		[]
beytrag		[]
dies		[]
heilsame		[]
werk		[]
zum		[]
besten		[]
der		[]
gemeine		[]
vollenden		[]
zu		[]
helfen		[]
so		[]
macht		[]
auch		[]
euch		[]
nun		[]
eben		[]
dieser		[]
kampf		[]
diese		[]
mühe		[]
dieser		[]
aufwand		[]
der		[]
der		[]
gemeine		[]
zur		[]
ehre		[]
gereicht		[]
das		[]
alles		[]
macht		[]
euch		[]
nun		[]
mit		[]
recht		[]
auch		[]
desto		[]
größres		[]
vergnügen		[]
nachdem		[]
gott		[]
ihn		[]
gesegnet		[]
und		[]
mit		[]
dem		[]
erwünschtesten		[]
ausgange		[]
eure		[]
bemühungen		[]
gekrönet		[]
hat		[]
und		[]
eben		[]
dies		[]
daß		[]
es		[]
gott		[]
that		[]
daß		[]
gott		[]
eure		[]
anstalten		[]
gesegnet		[]
und		[]
eure		[]
wünsche		[]
erhört		[]
hat		[]
das		[]
muß		[]
euch		[]
ein		[]
neuer		[]
grund		[]
eurer		[]
heutigen		[]
freude		[]
werden		[]
so		[]
wie		[]
jedes		[]
gute		[]
in		[]
der		[]
welt		[]
das		[]
uns		[]
an		[]
sich		[]
schon		[]
angenehm		[]
ist		[]
uns		[]
eben		[]
dadurch		[]
doppelt		[]
schätzbar		[]
und		[]
erfreulich		[]
wird		[]
wenn		[]
wir		[]
es		[]
aus		[]
den		[]
händen		[]
desjenigen		[]
erhalten		[]
den		[]
wir		[]
lieben		[]
so		[]
und		[]
noch		[]
weit		[]
erfreulicher		[]
muß		[]
euch		[]
also		[]
die		[]
wohlthat		[]
seyn		[]
deren		[]
wir		[]
uns		[]
heute		[]
erinnern		[]
weil		[]
es		[]
gott		[]
ist		[]
der		[]
den		[]
entschluß		[]
zu		[]
diesem		[]
unternehmen		[]
in		[]
euch		[]
erweckte		[]
kraft		[]
und		[]
vermögen		[]
mittel		[]
und		[]
wege		[]
zur		[]
ausführung		[]
desselben		[]
verlieh		[]
und		[]
euch		[]
und		[]
euren		[]
odem		[]
so		[]
lange		[]
erhielt		[]
daß		[]
ihr		[]
den		[]
heutigen		[]
tag		[]
der		[]
freude		[]
erleben		[]
konntet		[]
sehet		[]
geliebte		[]
freunde		[]
wenn		[]
ihr		[]
die		[]
freude		[]
des		[]
heutigen		[]
tages		[]
auf		[]
diese		[]
betrachtungen		[]
gründet		[]
dann		[]
ist		[]
es		[]
eine		[]
gründliche		[]
und		[]
vernünftige		[]
freude		[]
laßt		[]
uns		[]
nun		[]
auch		[]
dafür		[]
sorgen		[]
daß		[]
es		[]
eine		[]
heilige		[]
und		[]
dauerhafte		[]
freude		[]
seyn		[]
möge		[]
dies		[]
aber		[]
kann		[]
sie		[]
nicht		[]
seyn		[]
wofern		[]
ihr		[]
die		[]
pflichten		[]
verabsäumt		[]
zu		[]
welchen		[]
euch		[]
eine		[]
so		[]
erfreuliche		[]
wohlthat		[]
gottes		[]
auffodert		[]
jch		[]
will		[]
euch		[]
daher		[]
jetzt		[]
noch		[]
im		[]
zweyten		[]
theil		[]
kürzlich		[]
an		[]
dasjenige		[]
erinnern		[]
wozu		[]
euch		[]
diese		[]
wohlthat		[]
verbindet		[]
einmal		[]
meine		[]
geliebten		[]
freunde		[]
wenn		[]
ihr		[]
es		[]
einsehet		[]
daß		[]
der		[]
vollendete		[]
bau		[]
eurer		[]
orgel		[]
göttliche		[]
wohlthat		[]
ist		[]
so		[]
danket		[]
auch		[]
zuförderst		[]
ihm		[]
für		[]
dieses		[]
denkmal		[]
seiner		[]
unverdienten		[]
güte		[]
ja		[]
danket		[]
dem		[]
besten		[]
aller		[]
wesen		[]
dem		[]
schöpfer		[]
und		[]
vater		[]
der		[]
menschen		[]
eurem		[]
gütigen		[]
versorger		[]
der		[]
euren		[]
bedürfnissen		[]
immer		[]
so		[]
väterlich		[]
abhilft		[]
und		[]
dem		[]
es		[]
freude		[]
ist		[]
seine		[]
menschen		[]
zu		[]
erfreuen		[]
schreibt		[]
ihm		[]
allen		[]
erfolg		[]
guter		[]
bemühungen		[]
zu		[]
und		[]
preiset		[]
seine		[]
vorsehung		[]
die		[]
mit		[]
weisheit		[]
und		[]
liebe		[]
alle		[]
umstände		[]
so		[]
leitete		[]
daß		[]
alle		[]
schwierigkeiten		[]
endlich		[]
besiegt		[]
und		[]
alle		[]
hindernisse		[]
aus		[]
dem		[]
wege		[]
geräumt		[]
werden		[]
mußten		[]
preiset		[]
seine		[]
barmherzigkeit		[]
die		[]
er		[]
an		[]
euch		[]
gethan		[]
hat		[]
und		[]
euer		[]
herz		[]
fühle		[]
es		[]
heute		[]
recht		[]
innig		[]
wie		[]
gut		[]
euer		[]
gott		[]
ist		[]
und		[]
dabey		[]
meine		[]
freunde		[]
erfüllet		[]
heute		[]
zugleich		[]
auch		[]
immerhin		[]
eure		[]
herzen		[]
mit		[]
freude		[]
und		[]
wonne		[]
ja		[]
dieser		[]
tag		[]
fodert		[]
euch		[]
würklich		[]
dazu		[]
auf		[]
weil		[]
euch		[]
gott		[]
ein		[]
so		[]
besondres		[]
merkmal		[]
seiner		[]
gnade		[]
und		[]
seines		[]
wohlgefallens		[]
gegeben		[]
hat		[]
aber		[]
nur		[]
betragt		[]
euch		[]
bey		[]
den		[]
ausbrüchen		[]
eurer		[]
frölichkeit		[]
so		[]
daß		[]
ihr		[]
dieses		[]
wohlgefallens		[]
gottes		[]
durch		[]
eine		[]
unheilige		[]
und		[]
sündliche		[]
lust		[]
nicht		[]
wieder		[]
unwürdig		[]
werdet		[]
rein		[]
sey		[]
euer		[]
aller		[]
freude		[]
eure		[]
freude		[]
sey		[]
und		[]
bestehe		[]
nicht		[]
in		[]
wilder		[]
frölichkeit		[]
sondern		[]
allein		[]
in		[]
der		[]
furcht		[]
gottes		[]
besonders		[]
bitte		[]
ich		[]
euch		[]
bleibt		[]
nicht		[]
blos		[]
bey		[]
dem		[]
aeußerlichen		[]
stehen		[]
denkt		[]
nicht		[]
etwan		[]
mit		[]
jenen		[]
jsraeliten		[]
daß		[]
weil		[]
ihr		[]
nun		[]
einen		[]
äußerlich		[]
verbesserten		[]
gottesdienst		[]
habt		[]
ihr		[]
deshalb		[]
auch		[]
ein		[]
größres		[]
recht		[]
auf		[]
gottes		[]
gnadenerweisungen		[]
erlangt		[]
hättet		[]
nein		[]
nur		[]
die		[]
befolgung		[]
dessen		[]
wozu		[]
euch		[]
bey		[]
euren		[]
gottesdienstlichen		[]
liedern		[]
diese		[]
orgel		[]
erwecken		[]
wird		[]
macht		[]
euch		[]
der		[]
fernern		[]
gnade		[]
gottes		[]
würdig		[]
die		[]
hoffnung		[]
nunmehr		[]
und		[]
künftig		[]
hier		[]
mit		[]
verstärktem		[]
feuer		[]
der		[]
andacht		[]
lobund		[]
danklieder		[]
anzustimmen		[]
und		[]
mit		[]
mehrerer		[]
erweckung		[]
und		[]
erbauung		[]
dem		[]
herrn		[]
euren		[]
gott		[]
an		[]
dieser		[]
stätte		[]
zu		[]
dienen		[]
das		[]
das		[]
meine		[]
freunde		[]
sey		[]
der		[]
grund		[]
eurer		[]
freude		[]
und		[]
wenn		[]
nun		[]
dieser		[]
tag		[]
der		[]
feyerlichkeit		[]
und		[]
der		[]
freude		[]
vorüber		[]
ist		[]
dann		[]
meine		[]
geliebten		[]
freunde		[]
lasset		[]
mich		[]
und		[]
alle		[]
menschen		[]
es		[]
an		[]
euch		[]
wahrnehmen		[]
daß		[]
ihr		[]
die		[]
wohlthat		[]
eures		[]
gottes		[]
nach		[]
ihrem		[]
wahren		[]
werthe		[]
zu		[]
schätzen		[]
wisset		[]
das		[]
heißt		[]
kommt		[]
recht		[]
fleißig		[]
in		[]
dieses		[]
gotteshaus		[]
und		[]
benutzt		[]
nun		[]
mit		[]
eben		[]
dem		[]
anhaltenden		[]
eifer		[]
diese		[]
schöne		[]
gelegenheit		[]
euch		[]
zu		[]
erbauen		[]
mit		[]
welcher		[]
ihr		[]
sie		[]
bisher		[]
gewünscht		[]
und		[]
gesucht		[]
habt		[]
ja		[]
ich		[]
bitte		[]
euch		[]
beschwöre		[]
euch		[]
bey		[]
der		[]
freude		[]
die		[]
gott		[]
euch		[]
heute		[]
gemacht		[]
hat		[]
lasset		[]
es		[]
dieser		[]
wohlthat		[]
gottes		[]
nicht		[]
ergehen		[]
wie		[]
es		[]
leider		[]
seinen		[]
meisten		[]
gaben		[]
ergeht		[]
wer		[]
sie		[]
nicht		[]
hat		[]
seufzet		[]
darnach		[]
und		[]
wer		[]
sie		[]
hat		[]
achtet		[]
sie		[]
nicht		[]
fern		[]
sey		[]
ein		[]
solcher		[]
undank		[]
von		[]
euch		[]
fern		[]
sey		[]
die		[]
schande		[]
die		[]
ihr		[]
durch		[]
erkalteten		[]
eifer		[]
in		[]
besuchung		[]
eurer		[]
gottesdienste		[]
euch		[]
vor		[]
gott		[]
und		[]
bey		[]
andern		[]
gemeinen		[]
zuziehen		[]
würdet		[]
und		[]
da		[]
auch		[]
ich		[]
zugleich		[]
an		[]
diesem		[]
einweihungstage		[]
mit		[]
meinen		[]
arbeiten		[]
unter		[]
euch		[]
den		[]
anfang		[]
gemacht		[]
habe		[]
da		[]
ihr		[]
mit		[]
der		[]
neuen		[]
orgel		[]
in		[]
diesem		[]
gotteshause		[]
auch		[]
zugleich		[]
an		[]
mir		[]
einen		[]
neuen		[]
lehrer		[]
erhalten		[]
habt		[]
o		[]
so		[]
müße		[]
also		[]
auch		[]
dieß		[]
für		[]
euch		[]
alle		[]
ein		[]
neuer		[]
und		[]
doppelt		[]
starker		[]
antrieb		[]
seyn		[]
künftig		[]
recht		[]
fleißig		[]
und		[]
in		[]
der		[]
gehörigen		[]
fassung		[]
des		[]
gemüths		[]
dem		[]
hier		[]
zu		[]
haltenden		[]
gottesdienste		[]
beyzuwohnen		[]
ja		[]
brüder		[]
und		[]
freunde		[]
wenn		[]
ihr		[]
mich		[]
liebt		[]
wenn		[]
ihr		[]
mir		[]
wünscht		[]
mit		[]
ruhe		[]
und		[]
zufriedenheit		[]
unter		[]
euch		[]
meine		[]
tage		[]
zu		[]
verleben		[]
o		[]
so		[]
laßt		[]
mich		[]
nur		[]
nie		[]
und		[]
von		[]
keinem		[]
unter		[]
euch		[]
verachtung		[]
oder		[]
gleichgültigkeit		[]
gegen		[]
den		[]
öffentlichen		[]
gottesdienst		[]
wahrnehmen		[]
wenn		[]
ihr		[]
es		[]
mir		[]
zutrauet		[]
daß		[]
ich		[]
es		[]
mit		[]
gott		[]
und		[]
euch		[]
redlich		[]
meyne		[]
so		[]
denkt		[]
selbst		[]
was		[]
ich		[]
was		[]
mein		[]
herz		[]
dabey		[]
empfinden		[]
würde		[]
wenn		[]
ich		[]
bey		[]
allem		[]
fleiße		[]
den		[]
ich		[]
auf		[]
meine		[]
vorträge		[]
wende		[]
bey		[]
allen		[]
bemühungen		[]
euch		[]
zu		[]
erbauen		[]
und		[]
zu		[]
frommen		[]
und		[]
gottgefälligen		[]
menschen		[]
zu		[]
bilden		[]
ich		[]
dennoch		[]
bey		[]
dem		[]
eindrucke		[]
den		[]
meine		[]
vorträge		[]
auf		[]
euch		[]
machen		[]
sollten		[]
von		[]
eurem		[]
fleiße		[]
von		[]
euren		[]
bemühungen		[]
von		[]
eurem		[]
eifer		[]
so		[]
wenig		[]
unterstützt		[]
würde		[]
urtheilet		[]
mit		[]
welcher		[]
geheimen		[]
wehmuth		[]
mit		[]
welchem		[]
kummer		[]
ich		[]
die		[]
sauren		[]
wege		[]
zu		[]
euch		[]
thun		[]
und		[]
mit		[]
welcher		[]
muthlosigkeit		[]
ich		[]
bey		[]
dem		[]
gedanken		[]
an		[]
einen		[]
vielleicht		[]
fruchtlosen		[]
vortrag		[]
diese		[]
kanzel		[]
betreten		[]
würde		[]
urtheilt		[]
ob		[]
ich		[]
mein		[]
amt		[]
mit		[]
der		[]
freudigkeit		[]
die		[]
ich		[]
zu		[]
besitzen		[]
wünsche		[]
verwalten		[]
könnte		[]
wenn		[]
ich		[]
unter		[]
euch		[]
die		[]
ihr		[]
mir		[]
alle		[]
so		[]
werth		[]
seyd		[]
die		[]
ich		[]
als		[]
christen		[]
als		[]
brüder		[]
und		[]
als		[]
meine		[]
mir		[]
anvertrauten		[]
zuhörer		[]
so		[]
herzlich		[]
liebe		[]
wenn		[]
ich		[]
unter		[]
euch		[]
manchen		[]
erblicke		[]
der		[]
aller		[]
meiner		[]
bemühungen		[]
ohnerachtet		[]
dennoch		[]
sich		[]
nicht		[]
ändern		[]
und		[]
bessern		[]
wollte		[]
ja		[]
wenn		[]
ihr		[]
es		[]
glaubt		[]
daß		[]
mir		[]
euer		[]
wahres		[]
bestes		[]
wahrhaftig		[]
am		[]
herzen		[]
liegt		[]
o		[]
so		[]
bitte		[]
so		[]
ermahne		[]
ich		[]
euch		[]
heute		[]
an		[]
diesem		[]
für		[]
euch		[]
doppelt		[]
feyerlichen		[]
tage		[]
hier		[]
im		[]
angesichte		[]
gottes		[]
erspart		[]
mir		[]
jene		[]
wehmuth		[]
jenen		[]
kummer		[]
jene		[]
muthlosigkeit		[]
und		[]
könntet		[]
ihr		[]
euch		[]
vergeblich		[]
bitten		[]
lassen		[]
könntet		[]
ihr		[]
machen		[]
daß		[]
ich		[]
mein		[]
amt		[]
mit		[]
seufzen		[]
und		[]
thränen		[]
unter		[]
euch		[]
führen		[]
müßte		[]
nun		[]
so		[]
sey		[]
dereinst		[]
dieser		[]
feyerliche		[]
tag		[]
zeuge		[]
wider		[]
euch		[]
und		[]
diese		[]
stelle		[]
wo		[]
ich		[]
stehe		[]
diese		[]
mauren		[]
die		[]
uns		[]
umschließen		[]
diese		[]
thränen		[]
die		[]
meinen		[]
augen		[]
jetzt		[]
entfallen		[]
müssen		[]
euch		[]
vor		[]
jenem		[]
alles		[]
entscheidenden		[]
richterstuhle		[]
des		[]
schändlichsten		[]
und		[]
euch		[]
beschämendsten		[]
undanks		[]
anklagen		[]
-		[]
doch		[]
ich		[]
lese		[]
rührung		[]
in		[]
euren		[]
gesichtern		[]
ich		[]
sehe		[]
thränen		[]
und		[]
diese		[]
thränen		[]
als		[]
beweise		[]
gefühlvoller		[]
herzen		[]
lassen		[]
mich		[]
hoffen		[]
ihr		[]
werdet		[]
meine		[]
angelegentliche		[]
bitte		[]
erfüllen		[]
und		[]
meinen		[]
lehren		[]
und		[]
ermahnungen		[]
willig		[]
folgen		[]
sie		[]
lassen		[]
mich		[]
hoffen		[]
ihr		[]
werdet		[]
es		[]
euch		[]
auch		[]
angelegen		[]
seyn		[]
lassen		[]
mir		[]
mein		[]
leben		[]
unter		[]
euch		[]
zu		[]
versüßen		[]
und		[]
alle		[]
lasten		[]
desselben		[]
zu		[]
erleichtern		[]
und		[]
in		[]
dieser		[]
mir		[]
so		[]
angenehmen		[]
hoffnung		[]
schließe		[]
ich		[]
denn		[]
meinen		[]
zum		[]
erstenmal		[]
unter		[]
euch		[]
gehaltenen		[]
feyerlichen		[]
vortrag		[]
der		[]
herr		[]
segne		[]
euch		[]
alle		[]
vom		[]
großen		[]
bis		[]
zum		[]
kleinen		[]
er		[]
segne		[]
euch		[]
und		[]
eure		[]
kinder		[]
und		[]
lasse		[]
euch		[]
die		[]
freude		[]
erleben		[]
daß		[]
der		[]
zustand		[]
dieser		[]
gemeine		[]
immer		[]
blühender		[]
werde		[]
er		[]
lasse		[]
stets		[]
mein		[]
und		[]
euer		[]
gebet		[]
an		[]
dieser		[]
stätte		[]
erhörlich		[]
seyn		[]
und		[]
nehme		[]
auch		[]
die		[]
opfer		[]
des		[]
danks		[]
und		[]
der		[]
freude		[]
die		[]
wir		[]
ihm		[]
heute		[]
darbrachten		[]
mit		[]
wohlgefallen		[]
an		[]
einst	 musikwerk	['']
stimmen	 musikwerk	['']
wir	 musikwerk	['']
mit	 musikwerk	['']
reinerm	 musikwerk	['']
munde	 musikwerk	['']
vor	 musikwerk	['']
deinem	 musikwerk	['']
thron	 musikwerk	['']
in	 musikwerk	['']
höh’re	 musikwerk	['']
lieder	 musikwerk	['']
ein	 musikwerk	['']
und	 musikwerk	['']
segnen	 musikwerk	['']
einmal	 musikwerk	['']
noch	 musikwerk	['']
die	 musikwerk	['']
stunde	 musikwerk	['']
die	 musikwerk	['']
wir	 musikwerk	['']
im	 musikwerk	['']
staube	 musikwerk	['']
hier	 musikwerk	['']
herr	 musikwerk	['']
deinem	 musikwerk	['']
lobe	 musikwerk	['']
weihn	 musikwerk	['']
amen		[]
